{
  "AWSTemplateFormatVersion": "2010-09-09",
  "Description": "The AWS CloudFormation template for this Serverless application",
  "Resources": {
    "ServerlessDeploymentBucket": {
      "Type": "AWS::S3::Bucket"
    },
    "GetCharactersLogGroup": {
      "Type": "AWS::Logs::LogGroup",
      "Properties": {
        "LogGroupName": "/aws/lambda/allan-service-dev-getCharacters"
      }
    },
    "CharacterManagerLogGroup": {
      "Type": "AWS::Logs::LogGroup",
      "Properties": {
        "LogGroupName": "/aws/lambda/allan-service-dev-CharacterManager"
      }
    },
    "GetComicsLogGroup": {
      "Type": "AWS::Logs::LogGroup",
      "Properties": {
        "LogGroupName": "/aws/lambda/allan-service-dev-getComics"
      }
    },
    "GetCommonComicsLogGroup": {
      "Type": "AWS::Logs::LogGroup",
      "Properties": {
        "LogGroupName": "/aws/lambda/allan-service-dev-getCommonComics"
      }
    },
    "GetSeriesLogGroup": {
      "Type": "AWS::Logs::LogGroup",
      "Properties": {
        "LogGroupName": "/aws/lambda/allan-service-dev-getSeries"
      }
    },
    "GetCommonSeriesLogGroup": {
      "Type": "AWS::Logs::LogGroup",
      "Properties": {
        "LogGroupName": "/aws/lambda/allan-service-dev-getCommonSeries"
      }
    },
    "ComicManagerLogGroup": {
      "Type": "AWS::Logs::LogGroup",
      "Properties": {
        "LogGroupName": "/aws/lambda/allan-service-dev-ComicManager"
      }
    },
    "ComicSingleLogGroup": {
      "Type": "AWS::Logs::LogGroup",
      "Properties": {
        "LogGroupName": "/aws/lambda/allan-service-dev-ComicSingle"
      }
    },
    "SeriesManagerLogGroup": {
      "Type": "AWS::Logs::LogGroup",
      "Properties": {
        "LogGroupName": "/aws/lambda/allan-service-dev-SeriesManager"
      }
    },
    "SeriesSingleLogGroup": {
      "Type": "AWS::Logs::LogGroup",
      "Properties": {
        "LogGroupName": "/aws/lambda/allan-service-dev-SeriesSingle"
      }
    },
    "GetCharactersLambdaFunction": {
      "Type": "AWS::Lambda::Function",
      "Properties": {
        "Code": {
          "S3Bucket": {
            "Ref": "ServerlessDeploymentBucket"
          },
          "S3Key": "serverless/allan-service/dev/1508134999595-2017-10-16T06:23:19.595Z/allan-service.zip"
        },
        "FunctionName": "allan-service-dev-getCharacters",
        "Handler": "Characters.getCharacters",
        "MemorySize": 1024,
        "Role": "arn:aws:iam::292274580527:role/cc116_lambda",
        "Runtime": "nodejs6.10",
        "Timeout": 300
      },
      "DependsOn": [
        "GetCharactersLogGroup"
      ]
    },
    "GetCharactersLambdaVersionf0cuyb71VEbzGGqZ0vDFoxfawvLNijeRt2oeg7rHtU": {
      "Type": "AWS::Lambda::Version",
      "DeletionPolicy": "Retain",
      "Properties": {
        "FunctionName": {
          "Ref": "GetCharactersLambdaFunction"
        },
        "CodeSha256": "f0cuyb71VEbzGGqZ0vDFoxfawvLNijeRt2oeg7r/HtU="
      }
    },
    "CharacterManagerLambdaFunction": {
      "Type": "AWS::Lambda::Function",
      "Properties": {
        "Code": {
          "S3Bucket": {
            "Ref": "ServerlessDeploymentBucket"
          },
          "S3Key": "serverless/allan-service/dev/1508134999595-2017-10-16T06:23:19.595Z/allan-service.zip"
        },
        "FunctionName": "allan-service-dev-CharacterManager",
        "Handler": "CharacterManager.get",
        "MemorySize": 1024,
        "Role": "arn:aws:iam::292274580527:role/cc116_lambda",
        "Runtime": "nodejs6.10",
        "Timeout": 300
      },
      "DependsOn": [
        "CharacterManagerLogGroup"
      ]
    },
    "CharacterManagerLambdaVersionf0cuyb71VEbzGGqZ0vDFoxfawvLNijeRt2oeg7rHtU": {
      "Type": "AWS::Lambda::Version",
      "DeletionPolicy": "Retain",
      "Properties": {
        "FunctionName": {
          "Ref": "CharacterManagerLambdaFunction"
        },
        "CodeSha256": "f0cuyb71VEbzGGqZ0vDFoxfawvLNijeRt2oeg7r/HtU="
      }
    },
    "GetComicsLambdaFunction": {
      "Type": "AWS::Lambda::Function",
      "Properties": {
        "Code": {
          "S3Bucket": {
            "Ref": "ServerlessDeploymentBucket"
          },
          "S3Key": "serverless/allan-service/dev/1508134999595-2017-10-16T06:23:19.595Z/allan-service.zip"
        },
        "FunctionName": "allan-service-dev-getComics",
        "Handler": "ComicsIndividual.getComics",
        "MemorySize": 1024,
        "Role": "arn:aws:iam::292274580527:role/cc116_lambda",
        "Runtime": "nodejs6.10",
        "Timeout": 6
      },
      "DependsOn": [
        "GetComicsLogGroup"
      ]
    },
    "GetComicsLambdaVersionf0cuyb71VEbzGGqZ0vDFoxfawvLNijeRt2oeg7rHtU": {
      "Type": "AWS::Lambda::Version",
      "DeletionPolicy": "Retain",
      "Properties": {
        "FunctionName": {
          "Ref": "GetComicsLambdaFunction"
        },
        "CodeSha256": "f0cuyb71VEbzGGqZ0vDFoxfawvLNijeRt2oeg7r/HtU="
      }
    },
    "GetCommonComicsLambdaFunction": {
      "Type": "AWS::Lambda::Function",
      "Properties": {
        "Code": {
          "S3Bucket": {
            "Ref": "ServerlessDeploymentBucket"
          },
          "S3Key": "serverless/allan-service/dev/1508134999595-2017-10-16T06:23:19.595Z/allan-service.zip"
        },
        "FunctionName": "allan-service-dev-getCommonComics",
        "Handler": "CommonComics.get",
        "MemorySize": 1024,
        "Role": "arn:aws:iam::292274580527:role/cc116_lambda",
        "Runtime": "nodejs6.10",
        "Timeout": 6
      },
      "DependsOn": [
        "GetCommonComicsLogGroup"
      ]
    },
    "GetCommonComicsLambdaVersionf0cuyb71VEbzGGqZ0vDFoxfawvLNijeRt2oeg7rHtU": {
      "Type": "AWS::Lambda::Version",
      "DeletionPolicy": "Retain",
      "Properties": {
        "FunctionName": {
          "Ref": "GetCommonComicsLambdaFunction"
        },
        "CodeSha256": "f0cuyb71VEbzGGqZ0vDFoxfawvLNijeRt2oeg7r/HtU="
      }
    },
    "GetSeriesLambdaFunction": {
      "Type": "AWS::Lambda::Function",
      "Properties": {
        "Code": {
          "S3Bucket": {
            "Ref": "ServerlessDeploymentBucket"
          },
          "S3Key": "serverless/allan-service/dev/1508134999595-2017-10-16T06:23:19.595Z/allan-service.zip"
        },
        "FunctionName": "allan-service-dev-getSeries",
        "Handler": "SeriesIndividual.get",
        "MemorySize": 1024,
        "Role": "arn:aws:iam::292274580527:role/cc116_lambda",
        "Runtime": "nodejs6.10",
        "Timeout": 6
      },
      "DependsOn": [
        "GetSeriesLogGroup"
      ]
    },
    "GetSeriesLambdaVersionf0cuyb71VEbzGGqZ0vDFoxfawvLNijeRt2oeg7rHtU": {
      "Type": "AWS::Lambda::Version",
      "DeletionPolicy": "Retain",
      "Properties": {
        "FunctionName": {
          "Ref": "GetSeriesLambdaFunction"
        },
        "CodeSha256": "f0cuyb71VEbzGGqZ0vDFoxfawvLNijeRt2oeg7r/HtU="
      }
    },
    "GetCommonSeriesLambdaFunction": {
      "Type": "AWS::Lambda::Function",
      "Properties": {
        "Code": {
          "S3Bucket": {
            "Ref": "ServerlessDeploymentBucket"
          },
          "S3Key": "serverless/allan-service/dev/1508134999595-2017-10-16T06:23:19.595Z/allan-service.zip"
        },
        "FunctionName": "allan-service-dev-getCommonSeries",
        "Handler": "CommonSeries.get",
        "MemorySize": 1024,
        "Role": "arn:aws:iam::292274580527:role/cc116_lambda",
        "Runtime": "nodejs6.10",
        "Timeout": 6
      },
      "DependsOn": [
        "GetCommonSeriesLogGroup"
      ]
    },
    "GetCommonSeriesLambdaVersionf0cuyb71VEbzGGqZ0vDFoxfawvLNijeRt2oeg7rHtU": {
      "Type": "AWS::Lambda::Version",
      "DeletionPolicy": "Retain",
      "Properties": {
        "FunctionName": {
          "Ref": "GetCommonSeriesLambdaFunction"
        },
        "CodeSha256": "f0cuyb71VEbzGGqZ0vDFoxfawvLNijeRt2oeg7r/HtU="
      }
    },
    "ComicManagerLambdaFunction": {
      "Type": "AWS::Lambda::Function",
      "Properties": {
        "Code": {
          "S3Bucket": {
            "Ref": "ServerlessDeploymentBucket"
          },
          "S3Key": "serverless/allan-service/dev/1508134999595-2017-10-16T06:23:19.595Z/allan-service.zip"
        },
        "FunctionName": "allan-service-dev-ComicManager",
        "Handler": "ComicManager.get",
        "MemorySize": 1024,
        "Role": "arn:aws:iam::292274580527:role/cc116_lambda",
        "Runtime": "nodejs6.10",
        "Timeout": 300
      },
      "DependsOn": [
        "ComicManagerLogGroup"
      ]
    },
    "ComicManagerLambdaVersionf0cuyb71VEbzGGqZ0vDFoxfawvLNijeRt2oeg7rHtU": {
      "Type": "AWS::Lambda::Version",
      "DeletionPolicy": "Retain",
      "Properties": {
        "FunctionName": {
          "Ref": "ComicManagerLambdaFunction"
        },
        "CodeSha256": "f0cuyb71VEbzGGqZ0vDFoxfawvLNijeRt2oeg7r/HtU="
      }
    },
    "ComicSingleLambdaFunction": {
      "Type": "AWS::Lambda::Function",
      "Properties": {
        "Code": {
          "S3Bucket": {
            "Ref": "ServerlessDeploymentBucket"
          },
          "S3Key": "serverless/allan-service/dev/1508134999595-2017-10-16T06:23:19.595Z/allan-service.zip"
        },
        "FunctionName": "allan-service-dev-ComicSingle",
        "Handler": "ComicSingle.get",
        "MemorySize": 1024,
        "Role": "arn:aws:iam::292274580527:role/cc116_lambda",
        "Runtime": "nodejs6.10",
        "Timeout": 300
      },
      "DependsOn": [
        "ComicSingleLogGroup"
      ]
    },
    "ComicSingleLambdaVersionf0cuyb71VEbzGGqZ0vDFoxfawvLNijeRt2oeg7rHtU": {
      "Type": "AWS::Lambda::Version",
      "DeletionPolicy": "Retain",
      "Properties": {
        "FunctionName": {
          "Ref": "ComicSingleLambdaFunction"
        },
        "CodeSha256": "f0cuyb71VEbzGGqZ0vDFoxfawvLNijeRt2oeg7r/HtU="
      }
    },
    "SeriesManagerLambdaFunction": {
      "Type": "AWS::Lambda::Function",
      "Properties": {
        "Code": {
          "S3Bucket": {
            "Ref": "ServerlessDeploymentBucket"
          },
          "S3Key": "serverless/allan-service/dev/1508134999595-2017-10-16T06:23:19.595Z/allan-service.zip"
        },
        "FunctionName": "allan-service-dev-SeriesManager",
        "Handler": "SeriesManager.get",
        "MemorySize": 1024,
        "Role": "arn:aws:iam::292274580527:role/cc116_lambda",
        "Runtime": "nodejs6.10",
        "Timeout": 300
      },
      "DependsOn": [
        "SeriesManagerLogGroup"
      ]
    },
    "SeriesManagerLambdaVersionf0cuyb71VEbzGGqZ0vDFoxfawvLNijeRt2oeg7rHtU": {
      "Type": "AWS::Lambda::Version",
      "DeletionPolicy": "Retain",
      "Properties": {
        "FunctionName": {
          "Ref": "SeriesManagerLambdaFunction"
        },
        "CodeSha256": "f0cuyb71VEbzGGqZ0vDFoxfawvLNijeRt2oeg7r/HtU="
      }
    },
    "SeriesSingleLambdaFunction": {
      "Type": "AWS::Lambda::Function",
      "Properties": {
        "Code": {
          "S3Bucket": {
            "Ref": "ServerlessDeploymentBucket"
          },
          "S3Key": "serverless/allan-service/dev/1508134999595-2017-10-16T06:23:19.595Z/allan-service.zip"
        },
        "FunctionName": "allan-service-dev-SeriesSingle",
        "Handler": "SeriesSingle.get",
        "MemorySize": 1024,
        "Role": "arn:aws:iam::292274580527:role/cc116_lambda",
        "Runtime": "nodejs6.10",
        "Timeout": 300
      },
      "DependsOn": [
        "SeriesSingleLogGroup"
      ]
    },
    "SeriesSingleLambdaVersionf0cuyb71VEbzGGqZ0vDFoxfawvLNijeRt2oeg7rHtU": {
      "Type": "AWS::Lambda::Version",
      "DeletionPolicy": "Retain",
      "Properties": {
        "FunctionName": {
          "Ref": "SeriesSingleLambdaFunction"
        },
        "CodeSha256": "f0cuyb71VEbzGGqZ0vDFoxfawvLNijeRt2oeg7r/HtU="
      }
    },
    "ApiGatewayRestApi": {
      "Type": "AWS::ApiGateway::RestApi",
      "Properties": {
        "Name": "dev-allan-service"
      }
    },
    "ApiGatewayResourceCharacters": {
      "Type": "AWS::ApiGateway::Resource",
      "Properties": {
        "ParentId": {
          "Fn::GetAtt": [
            "ApiGatewayRestApi",
            "RootResourceId"
          ]
        },
        "PathPart": "characters",
        "RestApiId": {
          "Ref": "ApiGatewayRestApi"
        }
      }
    },
    "ApiGatewayResourceComics": {
      "Type": "AWS::ApiGateway::Resource",
      "Properties": {
        "ParentId": {
          "Fn::GetAtt": [
            "ApiGatewayRestApi",
            "RootResourceId"
          ]
        },
        "PathPart": "comics",
        "RestApiId": {
          "Ref": "ApiGatewayRestApi"
        }
      }
    },
    "ApiGatewayResourceSeries": {
      "Type": "AWS::ApiGateway::Resource",
      "Properties": {
        "ParentId": {
          "Fn::GetAtt": [
            "ApiGatewayRestApi",
            "RootResourceId"
          ]
        },
        "PathPart": "series",
        "RestApiId": {
          "Ref": "ApiGatewayRestApi"
        }
      }
    },
    "ApiGatewayMethodCharactersGet": {
      "Type": "AWS::ApiGateway::Method",
      "Properties": {
        "HttpMethod": "GET",
        "RequestParameters": {},
        "ResourceId": {
          "Ref": "ApiGatewayResourceCharacters"
        },
        "RestApiId": {
          "Ref": "ApiGatewayRestApi"
        },
        "AuthorizationType": "NONE",
        "Integration": {
          "IntegrationHttpMethod": "POST",
          "Type": "AWS_PROXY",
          "Uri": {
            "Fn::Join": [
              "",
              [
                "arn:aws:apigateway:",
                {
                  "Ref": "AWS::Region"
                },
                ":lambda:path/2015-03-31/functions/",
                {
                  "Fn::GetAtt": [
                    "CharacterManagerLambdaFunction",
                    "Arn"
                  ]
                },
                "/invocations"
              ]
            ]
          }
        },
        "MethodResponses": []
      }
    },
    "ApiGatewayMethodComicsGet": {
      "Type": "AWS::ApiGateway::Method",
      "Properties": {
        "HttpMethod": "GET",
        "RequestParameters": {},
        "ResourceId": {
          "Ref": "ApiGatewayResourceComics"
        },
        "RestApiId": {
          "Ref": "ApiGatewayRestApi"
        },
        "AuthorizationType": "NONE",
        "Integration": {
          "IntegrationHttpMethod": "POST",
          "Type": "AWS_PROXY",
          "Uri": {
            "Fn::Join": [
              "",
              [
                "arn:aws:apigateway:",
                {
                  "Ref": "AWS::Region"
                },
                ":lambda:path/2015-03-31/functions/",
                {
                  "Fn::GetAtt": [
                    "ComicManagerLambdaFunction",
                    "Arn"
                  ]
                },
                "/invocations"
              ]
            ]
          }
        },
        "MethodResponses": []
      }
    },
    "ApiGatewayMethodSeriesGet": {
      "Type": "AWS::ApiGateway::Method",
      "Properties": {
        "HttpMethod": "GET",
        "RequestParameters": {},
        "ResourceId": {
          "Ref": "ApiGatewayResourceSeries"
        },
        "RestApiId": {
          "Ref": "ApiGatewayRestApi"
        },
        "AuthorizationType": "NONE",
        "Integration": {
          "IntegrationHttpMethod": "POST",
          "Type": "AWS_PROXY",
          "Uri": {
            "Fn::Join": [
              "",
              [
                "arn:aws:apigateway:",
                {
                  "Ref": "AWS::Region"
                },
                ":lambda:path/2015-03-31/functions/",
                {
                  "Fn::GetAtt": [
                    "SeriesManagerLambdaFunction",
                    "Arn"
                  ]
                },
                "/invocations"
              ]
            ]
          }
        },
        "MethodResponses": []
      }
    },
    "ApiGatewayDeployment1508134999702": {
      "Type": "AWS::ApiGateway::Deployment",
      "Properties": {
        "RestApiId": {
          "Ref": "ApiGatewayRestApi"
        },
        "StageName": "dev"
      },
      "DependsOn": [
        "ApiGatewayMethodCharactersGet",
        "ApiGatewayMethodComicsGet",
        "ApiGatewayMethodSeriesGet"
      ]
    },
    "CharacterManagerLambdaPermissionApiGateway": {
      "Type": "AWS::Lambda::Permission",
      "Properties": {
        "FunctionName": {
          "Fn::GetAtt": [
            "CharacterManagerLambdaFunction",
            "Arn"
          ]
        },
        "Action": "lambda:InvokeFunction",
        "Principal": "apigateway.amazonaws.com",
        "SourceArn": {
          "Fn::Join": [
            "",
            [
              "arn:aws:execute-api:",
              {
                "Ref": "AWS::Region"
              },
              ":",
              {
                "Ref": "AWS::AccountId"
              },
              ":",
              {
                "Ref": "ApiGatewayRestApi"
              },
              "/*/*"
            ]
          ]
        }
      }
    },
    "ComicManagerLambdaPermissionApiGateway": {
      "Type": "AWS::Lambda::Permission",
      "Properties": {
        "FunctionName": {
          "Fn::GetAtt": [
            "ComicManagerLambdaFunction",
            "Arn"
          ]
        },
        "Action": "lambda:InvokeFunction",
        "Principal": "apigateway.amazonaws.com",
        "SourceArn": {
          "Fn::Join": [
            "",
            [
              "arn:aws:execute-api:",
              {
                "Ref": "AWS::Region"
              },
              ":",
              {
                "Ref": "AWS::AccountId"
              },
              ":",
              {
                "Ref": "ApiGatewayRestApi"
              },
              "/*/*"
            ]
          ]
        }
      }
    },
    "SeriesManagerLambdaPermissionApiGateway": {
      "Type": "AWS::Lambda::Permission",
      "Properties": {
        "FunctionName": {
          "Fn::GetAtt": [
            "SeriesManagerLambdaFunction",
            "Arn"
          ]
        },
        "Action": "lambda:InvokeFunction",
        "Principal": "apigateway.amazonaws.com",
        "SourceArn": {
          "Fn::Join": [
            "",
            [
              "arn:aws:execute-api:",
              {
                "Ref": "AWS::Region"
              },
              ":",
              {
                "Ref": "AWS::AccountId"
              },
              ":",
              {
                "Ref": "ApiGatewayRestApi"
              },
              "/*/*"
            ]
          ]
        }
      }
    }
  },
  "Outputs": {
    "ServerlessDeploymentBucketName": {
      "Value": {
        "Ref": "ServerlessDeploymentBucket"
      }
    },
    "GetCharactersLambdaFunctionQualifiedArn": {
      "Description": "Current Lambda function version",
      "Value": {
        "Ref": "GetCharactersLambdaVersionf0cuyb71VEbzGGqZ0vDFoxfawvLNijeRt2oeg7rHtU"
      }
    },
    "CharacterManagerLambdaFunctionQualifiedArn": {
      "Description": "Current Lambda function version",
      "Value": {
        "Ref": "CharacterManagerLambdaVersionf0cuyb71VEbzGGqZ0vDFoxfawvLNijeRt2oeg7rHtU"
      }
    },
    "GetComicsLambdaFunctionQualifiedArn": {
      "Description": "Current Lambda function version",
      "Value": {
        "Ref": "GetComicsLambdaVersionf0cuyb71VEbzGGqZ0vDFoxfawvLNijeRt2oeg7rHtU"
      }
    },
    "GetCommonComicsLambdaFunctionQualifiedArn": {
      "Description": "Current Lambda function version",
      "Value": {
        "Ref": "GetCommonComicsLambdaVersionf0cuyb71VEbzGGqZ0vDFoxfawvLNijeRt2oeg7rHtU"
      }
    },
    "GetSeriesLambdaFunctionQualifiedArn": {
      "Description": "Current Lambda function version",
      "Value": {
        "Ref": "GetSeriesLambdaVersionf0cuyb71VEbzGGqZ0vDFoxfawvLNijeRt2oeg7rHtU"
      }
    },
    "GetCommonSeriesLambdaFunctionQualifiedArn": {
      "Description": "Current Lambda function version",
      "Value": {
        "Ref": "GetCommonSeriesLambdaVersionf0cuyb71VEbzGGqZ0vDFoxfawvLNijeRt2oeg7rHtU"
      }
    },
    "ComicManagerLambdaFunctionQualifiedArn": {
      "Description": "Current Lambda function version",
      "Value": {
        "Ref": "ComicManagerLambdaVersionf0cuyb71VEbzGGqZ0vDFoxfawvLNijeRt2oeg7rHtU"
      }
    },
    "ComicSingleLambdaFunctionQualifiedArn": {
      "Description": "Current Lambda function version",
      "Value": {
        "Ref": "ComicSingleLambdaVersionf0cuyb71VEbzGGqZ0vDFoxfawvLNijeRt2oeg7rHtU"
      }
    },
    "SeriesManagerLambdaFunctionQualifiedArn": {
      "Description": "Current Lambda function version",
      "Value": {
        "Ref": "SeriesManagerLambdaVersionf0cuyb71VEbzGGqZ0vDFoxfawvLNijeRt2oeg7rHtU"
      }
    },
    "SeriesSingleLambdaFunctionQualifiedArn": {
      "Description": "Current Lambda function version",
      "Value": {
        "Ref": "SeriesSingleLambdaVersionf0cuyb71VEbzGGqZ0vDFoxfawvLNijeRt2oeg7rHtU"
      }
    },
    "ServiceEndpoint": {
      "Description": "URL of the service endpoint",
      "Value": {
        "Fn::Join": [
          "",
          [
            "https://",
            {
              "Ref": "ApiGatewayRestApi"
            },
            ".execute-api.us-east-1.amazonaws.com/dev"
          ]
        ]
      }
    }
  }
}